Biomarker,N,Mean,Std,Min,Q1,Median,Q3,Max
AV45_MCSUVRWM,2815,0.8108018831261102,0.1989856400972726,0.438463,0.6601195,0.749879,0.9372705,1.96134
AV45_MCSUVRCERE,2815,1.1662991662522202,0.2281113537877981,0.76563,0.9839845,1.0873,1.3296100000000002,2.42487
Tau_META_TEMPORAL_SUVR,2315,1.2975339092872569,0.31182277428348626,0.774,1.144,1.209,1.309,3.833
FDG_SROI.AD,3684,1.1635797774158523,0.08145219150725894,0.8591,1.10955,1.16675,1.2203,1.3888
FDG_SROI.MCI,3684,1.0984643051031486,0.09566772721762495,0.7861,1.0328,1.0996,1.1643249999999998,1.3525
FDG_METAROI_SUVR,3760,1.2379949468085105,0.10066336095302221,0.713,1.19,1.254,1.30325,1.512
